{"cameraMode":{"drawMode":0,"name":"Shaded","section":"Shading Mode"},"sceneLighting":false,"audioPlay":false,"sceneViewState":{"showFog":true,"showMaterialUpdate":false,"showSkybox":false,"showFlares":true,"showImageEffects":true,"showParticleSystems":true},"in2DMode":false,"pivot":{"x":5.960464477539063e-8,"y":1.152999997138977,"z":-1.1920928955078126e-7},"rotation":{"x":0.688197135925293,"y":-1.3760587114219903e-10,"z":4.446576795658075e-8,"w":0.7255256772041321},"size":0.7141429781913757,"orthographic":true}